<?xml version="1.0" encoding="UTF-8"?>

<!--

    Copyright (c) 2017-2019 MuK IT GmbH.

    This file is part of MuK Accounting and Finance 
    (see https://mukit.at).

    This program is free software: you can redistribute it and/or modify
    it under the terms of the GNU Lesser General Public License as published by
    the Free Software Foundation, either version 3 of the License, or
    (at your option) any later version.

    This program is distributed in the hope that it will be useful,
    but WITHOUT ANY WARRANTY; without even the implied warranty of
    MERCHANTABILITY or FITNESS FOR A PARTICULAR PURPOSE.  See the
    GNU Lesser General Public License for more details.

    You should have received a copy of the GNU Lesser General Public License
    along with this program. If not, see <http://www.gnu.org/licenses/>.

  -->

<odoo>

	<record id="account.group_account_user" model="res.groups">
	    <field name="name">Accountant</field>
	    <field name="category_id" ref="base.module_category_accounting_and_finance"/>
	    <field name="implied_ids" eval="[(4, ref('account.group_account_invoice'))]"/>
	</record>
	
	<record id="account.group_account_manager" model="res.groups">
	    <field name="name">Advisor</field>
	    <field name="implied_ids" eval="[(3, ref('account.group_account_invoice')), (4, ref('account.group_account_user'))]"/>
	</record>
	
	<record id="base.user_root" model="res.users">
	    <field name="groups_id" eval="[(4, ref('account.group_account_manager')),(4, ref('account.group_account_user'))]"/>
	</record>
	
	<record id="base.user_admin" model="res.users">
	    <field name="groups_id" eval="[(4, ref('account.group_account_manager')),(4, ref('account.group_account_user'))]"/>
	</record>
        
</odoo>
